gene_symbol,gene_length
A2M,48566
AAAS,17409
AADAT,31478
AARS1,37725
ABAT,109980
ABCA1,147150
ABCA2,21682
ABCA3,64866
ABCA4,128315
ABCA5,82934
ABCA6,63194
ABCA8,88104
ABCA9,86462
ABCB1,210307
ABCB11,115827
ABCB4,78740
ABCB6,9223
ABCB7,105685
ABCB8,19361
ABCB9,60699
ABCC1,194120
ABCC2,69955
ABCC3,57477
ABCC4,281641
ABCC5,98006
ABCC8,84397
ABCD1,19900
ABCD2,69771
ABCD3,100278
ABCE1,31237
ABCF2,15722
ABCG2,141479
ABCG4,13602
ABCG8,51047
ABHD2,114897
ABHD4,14674
ABHD6,58162
ABI1,114495
ABI3BP,244360
ABL1,174633
ABLIM1,336950
ABR,226220
ACAA1,34114
ACAA2,31790
ACACA,321845
ACADL,38322
ACADM,63145
ACADS,14235
ACADSB,49312
ACADVL,8142
ACAT1,30909
ACAT2,17068
ACE,21320
ACHE,6981
ACKR1,1626
ACKR3,14568
ACLY,63626
ACO2,81444
ACOT2,8039
ACOT8,15685
ACOX1,37671
ACOX2,32148
ACOX3,74442
ACP1,14144
ACP2,9605
ACP5,5341
ACRBP,9359
ACRV1,9353
ACSL1,71224
ACSL3,83698
ACSL4,109160
ACSL5,54264
ACSL6,62271
ACSM1,75656
ACSM3,187339
ACSS1,52751
ACSS2,55817
ACTA1,3740
ACTA2,56518
ACTB,37494
ACTC1,5483
ACTG1,14435
ACTG2,27552
ACTL7B,1399
ACTN1,105313
ACTN2,100491
ACTN3,16940
ACTN4,83941
ACTR2,43466
ACTR3,72534
ACVR1,140080
ACVR1B,45380
ACVR2A,86310
ACVRL1,16454
ADA,67357
ADAD1,50837
ADAM10,160983
ADAM12,376097
ADAM15,12210
ADAM17,68247
ADAM19,180242
ADAM2,94493
ADAM23,177596
ADAM8,14449
ADAM9,108692
ADAMDEC1,21729
ADAMTS1,9655
ADAMTS5,49167
ADAR,46319
ADCY1,148977
ADCY2,433944
ADCY6,22896
ADCY9,163056
ADCYAP1,7302
ADD1,86233
ADD2,160608
ADD3,139198
ADGRA2,60706
ADGRE1,52894
ADGRG1,54929
ADGRL2,687786
ADGRL4,392361
ADH1C,16250
ADH4,34136
ADH5,17824
ADH7,23250
ADIG,7269
ADIPOQ,15760
ADIPOR1,17747
ADIPOR2,100101
ADM,2325
ADORA2B,30617
ADRA1B,107933
ADRA2B,3696
ADRA2C,2179
ADRM1,6770
ADSL,44003
AEBP1,10218
AEN,10945
AFAP1L2,109933
AFF1,206038
AFG3L2,48284
AGER,3355
AGFG1,89066
AGGF1,35984
AGL,73663
AGO2,115478
AGO4,49875
AGPAT3,122370
AGPAT4,144095
AGR2,41623
AGRN,35999
AGXT,11679
AHCY,31535
AHNAK,122694
AHR,429794
AHSP,904
AIFM1,41214
AIFM3,16253
AIMP2,14580
AK1,11190
AK2,73011
AK3,32488
AK4,84597
AKAP1,36255
AKAP10,74042
AKAP12,118593
AKAP13,368788
AKAP4,10231
AKAP7,148069
AKR1A1,19507
AKR1B10,13846
AKR1C2,30257
AKR1C3,72333
AKR1D1,115982
AKT1,26411
AKT1S1,9427
AKT2,55220
AKT3,362847
ALAD,14979
ALAS1,16242
ALAS2,21923
ALB,24369
ALCAM,209992
ALDH18A1,50771
ALDH1A1,179772
ALDH1A2,544443
ALDH1A3,38913
ALDH1L1,94433
ALDH2,50646
ALDH3A1,10960
ALDH3A2,37625
ALDH3B1,20705
ALDH6A1,27646
ALDH7A1,64163
ALDH8A1,32723
ALDH9A1,36347
ALDOA,6294
ALDOB,29105
ALDOC,3834
ALG1,53678
ALMS1,239409
ALOX12B,15081
ALOX15,11376
ALOX15B,10101
ALS2,81846
ALYREF,3752
AMACR,21940
AMBN,15033
AMD1,24110
AMFR,64094
AMH,2765
AMIGO1,5561
AMIGO2,4253
AMMECR1,246133
AMOT,66329
AMPD3,199267
AMPH,247717
ANG,14795
ANGPT1,248574
ANGPTL3,8794
ANGPTL4,11082
ANK1,243522
ANKH,166979
ANKRA2,13478
ANKRD2,11386
ANKZF1,6897
ANLN,63971
ANO1,203624
ANP32E,17740
ANPEP,30507
ANTXR2,224309
ANXA1,18529
ANXA10,95200
ANXA13,56609
ANXA2,55750
ANXA4,182688
ANXA5,29050
ANXA9,13386
AOC3,6947
AOX1,91051
AP1G1,80202
AP2B1,148368
AP2M1,9526
AP2S1,12711
AP3B1,294241
AP3S1,72490
AP4B1,11519
APAF1,90285
APBB1,24290
APBB2,406688
APC,138722
APEX1,2582
APH1A,4182
APLNR,3674
APLP1,11894
APLP2,76665
APOA1,1872
APOA4,2605
APOBEC3F,15369
APOBEC3G,10677
APOC1,5103
APOC2,3531
APOC3,3367
APOD,15329
APOE,3603
APOH,44493
APOL6,19959
APOM,5795
APP,290594
APPBP2,83085
APRT,2599
AQP3,6441
AQP7,19504
AQP9,47743
AR,186599
ARAF,10704
ARAP3,28830
ARCN1,30644
AREG,9870
ARF1,16505
ARF4,26858
ARF6,3976
ARFGAP1,17006
ARFGAP3,61605
ARFGEF1,170271
ARFGEF2,114983
ARFIP1,138527
ARFIP2,6797
ARG1,113501
ARG2,31789
ARHGAP10,340714
ARHGAP27,40520
ARHGAP29,126081
ARHGAP4,27633
ARHGAP5,83615
ARHGDIA,3658
ARHGDIG,2561
ARHGEF11,112064
ARHGEF12,153525
ARHGEF2,60220
ARHGEF3,351912
ARHGEF6,115386
ARHGEF7,191179
ARHGEF9,174308
ARID4A,75384
ARID4B,196586
ARID5B,195261
ARL2BP,8377
ARL3,40667
ARL4A,4103
ARL6IP1,9904
ARL8A,11340
ARPC2,37216
ARPC3,15600
ARPC5L,15604
ARPP19,22839
ARPP21,155552
ARRB1,91584
ARRB2,10904
ART3,102865
ARTN,3921
ASB13,27729
ASB7,49113
ASCL1,2840
ASF1A,15020
ASF1B,17102
ASL,18898
ASNS,20866
ASS1,56314
ATAD2,96501
ATF1,57453
ATF3,55444
ATF4,2989
ATF5,5234
ATF6,211277
ATG10,304835
ATG4A,63004
ATG4B,36645
ATL2,83332
ATOH8,40040
ATOX1,30217
ATP1A1,37594
ATP1A3,30916
ATP1B1,205296
ATP1B3,50426
ATP2A1,26062
ATP2A2,70338
ATP2B1,121318
ATP2B4,117250
ATP2C1,166118
ATP4A,13628
ATP5F1A,24087
ATP5F1B,7810
ATP5F1C,19669
ATP5F1D,3080
ATP5F1E,6871
ATP5MC1,3107
ATP5MC2,44683
ATP5MC3,5453
ATP5ME,1895
ATP5MF,17712
ATP5MG,31933
ATP5PB,13910
ATP5PD,8123
ATP5PF,19171
ATP5PO,12362
ATP6AP1,7884
ATP6V0A1,63739
ATP6V0A4,93267
ATP6V0B,3809
ATP6V0C,6267
ATP6V0D1,43168
ATP6V0E1,51675
ATP6V1B1,29532
ATP6V1C1,51989
ATP6V1D,65895
ATP6V1E1,36614
ATP6V1F,2992
ATP6V1G1,11210
ATP6V1H,128016
ATP7A,139706
ATP8B1,156890
ATRN,180101
ATRX,281354
ATXN1,462380
ATXN2,156192
AUH,148104
AURKA,22949
AURKB,5868
AUTS2,1195211
AVL9,93301
AVPR1A,8443
AXIN1,65284
AXIN2,33086
AXL,42544
AZGP1,9323
B2M,7494
B3GALT6,2805
B3GAT1,33739
B3GAT3,6859
B3GNT3,18749
B4GALNT2,44381
B4GALT1,63275
B4GALT2,12228
B4GALT4,29215
B4GALT5,80934
B4GALT7,10199
BACH1,436681
BAG1,16901
BAG3,26440
BAIAP2,82313
BAK1,7747
BANF1,1922
BANK1,663527
BARD1,84038
BASP1,211246
BATF,24539
BATF2,9074
BATF3,13424
BAX,6984
BAZ2A,41221
BBOX1,87085
BCAM,12351
BCAN,18143
BCAP31,24074
BCAR1,39873
BCAR3,285410
BCAT1,139078
BCKDHA,27195
BCKDHB,239624
BCL10,10857
BCL11B,102911
BCL2,196783
BCL2A1,10305
BCL2L1,59538
BCL2L10,3513
BCL2L11,49067
BCL2L13,102001
BCL2L2,12962
BCL3,12340
BCL6,24349
BCR,138334
BDH2,22279
BDKRB1,12758
BDKRB2,39488
BDNF,67166
BEST1,15453
BET1,41621
BGN,14567
BHLHE40,5887
BID,40633
BIK,18963
BIN1,59262
BIRC2,31460
BIRC3,21920
BIRC5,11451
BLCAP,35460
BLVRA,48663
BLVRB,18000
BMF,21003
BMP1,47187
BMP2,12561
BMP2K,140024
BMP6,155630
BMPR1A,177040
BMPR1B,400494
BMPR2,191425
BNIP3,14284
BNIP3L,122583
BOLA2,762
BPGM,33006
BPHL,35205
BPNT1,32981
BRAF,205603
BRCA1,125951
BRCA2,85183
BRDT,65084
BRF2,6594
BRMS1L,105988
BRPF3,36047
BRS3,5834
BSG,12218
BST2,2692
BTBD3,35887
BTC,49765
BTG1,5569
BTG2,4112
BTG3,19293
BTRC,203289
BUB1,40536
BUB1B,60101
BUB3,16066
BYSL,11548
C1QA,4602
C1QBP,16054
C1QC,5097
C1R,12327
C1S,82774
C2,47889
C3,52859
C3AR1,9516
C4BPB,11134
C5,142209
C5AR1,32044
C8A,63456
C8B,45177
C8G,1791
C9,87185
CA1,51407
CA12,60469
CA2,17526
CA4,20958
CA6,29226
CAB39,108234
CAB39L,135415
CACNA1A,418048
CACNA1B,246843
CACNA1F,28309
CACNA1H,71067
CACNA2D2,141632
CACNG1,12244
CACYBP,12865
CAD,26575
CADM1,335740
CADM2,1115441
CADM3,31705
CALB2,31724
CALCB,177346
CALCR,150245
CALCRL,106497
CALD1,226478
CALM1,11767
CALM3,9709
CALML5,874
CALR,5912
CALU,34109
CAMK1D,485999
CAMK2B,124559
CAMK4,271234
CAMKK2,60634
CANT1,18152
CANX,53014
CAP1,32417
CAP2,164186
CAPG,23680
CAPN2,74426
CAPN3,53452
CAPN5,59195
CAPN9,54620
CAPZB,146765
CARTPT,1774
CASP1,9854
CASP10,46557
CASP2,19482
CASP3,22367
CASP4,26501
CASP5,28934
CASP6,14962
CASP7,51746
CASP8,128394
CASP8AP2,44543
CASP9,35703
CASQ1,11312
CASQ2,95158
CAST,254329
CAT,33127
CAV1,36186
CAV2,221162
CAV3,108007
CAVIN1,20808
CAVIN2,12779
CAVIN3,1587
CBFA2T3,102350
CBL,107629
CBLB,214092
CBR1,3226
CBR3,11484
CBR4,146506
CBS,23753
CBX1,31427
CBX3,12446
CBX5,49192
CBX8,9552
CCDC106,12100
CCDC28A,19551
CCDC88A,132054
CCK,8361
CCL11,2593
CCL13,2131
CCL17,11297
CCL19,1707
CCL2,1935
CCL20,11826
CCL22,7407
CCL24,12532
CCL25,10343
CCL4,1795
CCL5,9303
CCL7,2022
CCN1,3829
CCN2,3197
CCN5,13666
CCNA1,11351
CCNA2,7440
CCNB2,19920
CCND1,13319
CCND2,35583
CCND3,115424
CCNE1,12322
CCNF,29461
CCNG1,8583
CCNG2,276182
CCNK,53876
CCNL1,14253
CCNO,2457
CCNT1,28541
CCP110,29598
CCR1,6603
CCR2,7077
CCR4,4706
CCR5,5261
CCR7,11704
CCR8,3972
CCRL2,5832
CCSER2,189936
CCT2,16145
CCT3,58906
CCT4,20587
CCT5,16461
CCT6A,12305
CCT6B,53220
CCT7,19602
CD14,1973
CD151,6945
CD160,19818
CD1D,8398
CD2,14800
CD207,5606
CD209,7572
CD247,93614
CD274,20064
CD276,30549
CD28,32438
CD2AP,149475
CD302,29628
CD34,30431
CD36,309703
CD37,8165
CD38,74958
CD3D,3631
CD3E,11446
CD3G,10818
CD4,33942
CD40,11593
CD40LG,12233
CD44,93521
CD46,43477
CD47,48772
CD48,33086
CD55,65286
CD59,33470
CD63,4385
CD69,8416
CD7,2741
CD70,20921
CD74,11333
CD79A,4094
CD79B,3599
CD80,35322
CD81,21626
CD82,55932
CD83,19663
CD86,65778
CD8A,23787
CD8B,46586
CD9,38557
CD96,373032
CD99,50123
CDA,29818
CDADC1,45561
CDC14B,129603
CDC20,4223
CDC25A,31272
CDC25B,19350
CDC27,71720
CDC34,10333
CDC42,48734
CDC42BPA,328628
CDC42EP1,8926
CDC42EP2,7552
CDC42EP4,28382
CDC42SE2,152955
CDC45,41156
CDC5L,62720
CDC6,16779
CDC7,24914
CDCA3,6500
CDCA8,17239
CDCP1,64146
CDH1,98246
CDH11,182360
CDH13,1173676
CDH15,23745
CDH16,10796
CDH2,245068
CDH3,91280
CDH4,688357
CDH6,135461
CDH8,389794
CDK1,16522
CDK13,149460
CDK2,6009
CDK4,8287
CDK5R1,4261
CDK5RAP2,191296
CDK6,231653
CDK7,42636
CDK8,166879
CDK9,5114
CDKAL1,697948
CDKN1A,10878
CDKN1B,36872
CDKN1C,2563
CDKN2A,27550
CDKN2AIP,4430
CDKN2B,6403
CDKN2C,13890
CDKN2D,2600
CDKN3,23370
CDO1,11927
CDON,107540
CDR2,91230
CDSN,5360
CEBPA,2601
CEBPB,1839
CEBPD,1252
CEBPG,9002
CEL,9881
CELF2,538279
CELSR1,176787
CELSR2,26213
CENPA,36779
CENPE,93097
CENPF,61390
CENPJ,40611
CENPM,8416
CENPN,26563
CEP131,33407
CEP192,133691
CEP250,64117
CEP57,42729
CEP72,54829
CERCAM,25601
CES1,30487
CETN2,3764
CFB,6437
CFD,8432
CFH,100723
CFHR2,15885
CFI,71143
CFL1,39005
CFLAR,60534
CFP,7134
CFTR,428852
CGRRF1,29481
CH25H,1689
CHAC1,3551
CHAF1A,42379
CHCHD10,2139
CHEK1,51093
CHEK2,54680
CHFR,134118
CHGA,12136
CHKA,68586
CHMP1A,16923
CHPF,4856
CHPF2,8497
CHPT1,47194
CHRM4,7988
CHRNA1,40344
CHRNA5,29750
CHRNB1,12650
CHRNG,8424
CHST1,17934
CHST12,44897
CHST2,4244
CHST3,49164
CHST4,13516
CHST6,23394
CHST8,151557
CHUK,41297
CIDEA,23235
CIITA,76800
CIR1,47691
CISH,5286
CIT,191530
CITED2,2842
CKAP4,66399
CKAP5,103261
CKB,3167
CKM,16463
CKMT2,33079
CKS1B,4599
CKS2,5509
CLASP1,311701
CLCA2,32383
CLCF1,10010
CLCN2,15466
CLCN3,111041
CLDN11,35866
CLDN14,115949
CLDN15,6729
CLDN16,89598
CLDN18,34921
CLDN19,7162
CLDN3,1274
CLDN4,33149
CLDN5,4522
CLDN6,5360
CLDN7,4081
CLDN8,2092
CLDN9,1583
CLEC4A,14991
CLEC5A,19651
CLGN,39209
CLIC2,58447
CLIC3,1961
CLIP1,151238
CLIP2,116529
CLN5,28484
CLN6,50220
CLN8,45934
CLNS1A,122859
CLP1,13678
CLPB,149186
CLPS,2363
CLSTN3,29248
CLTA,113926
CLTB,24039
CLTC,77277
CLU,17784
CLVS1,444488
CMBL,32028
CMKLR1,51274
CMPK1,61077
CMPK2,26066
CMTR1,49609
CNBP,16096
CNDP2,27639
CNIH2,7127
CNN2,12483
CNN3,30275
CNOT2,111992
CNOT4,148351
CNOT6,83980
CNOT9,28501
CNP,10978
CNTFR,38709
CNTN1,379977
CNTRL,103070
CNTROB,17820
COCH,20552
COG2,51502
COIL,22852
COL11A1,232406
COL12A1,121942
COL15A1,127609
COL16A1,52057
COL17A1,54595
COL1A1,17532
COL1A2,36333
COL2A1,31588
COL3A1,38374
COL4A1,158240
COL4A2,207398
COL5A1,203041
COL5A2,193415
COL5A3,50944
COL6A1,23281
COL6A2,34737
COL6A3,90326
COL7A1,31257
COL8A2,29984
COL9A1,87045
COLGALT1,27514
COMP,8533
COMT,28605
COPA,54973
COPB1,56588
COPB2,35791
COPE,19874
COPS5,40705
COPZ2,11864
COQ3,24795
COQ5,31156
COQ8A,47259
COQ9,13846
CORO1A,6250
COX10,162247
COX11,16802
COX15,21260
COX17,22942
COX4I1,8436
COX5A,18293
COX5B,2322
COX6A1,2648
COX6A2,630
COX6B1,10460
COX6C,20508
COX7A1,1528
COX7A2,12649
COX7A2L,91543
COX7B,7937
COX7C,3035
COX8A,1924
CP,59420
CPA2,22936
CPB1,69086
CPB2,51848
CPE,137354
CPEB2,67673
CPEB3,244387
CPM,129374
CPN1,39677
CPOX,14203
CPQ,504413
CPT1A,89791
CPT2,17406
CR1,145619
CR2,36872
CRABP1,7873
CRABP2,6211
CRAT,17048
CRB3,3445
CREBBP,155660
CREG1,24689
CRIP2,7201
CRISP2,21233
CRLF1,35522
CRLF2,22234
CRMP1,145003
CROCC,232692
CROCCP2,38264
CROT,54131
CRP,2301
CRTAM,34144
CRYAB,15159
CRYBG1,211301
CRYZ,27927
CS,28693
CSAD,23263
CSE1L,50715
CSF1,20751
CSF2,2382
CSF2RA,41582
CSF2RB,26812
CSF3,2453
CSF3R,17236
CSK,21118
CSNK1D,34678
CSNK1E,27394
CSNK2A2,40200
CSNK2B,5117
CSRNP2,22460
CSRP1,25927
CSRP2,20315
CSRP3,28542
CST7,10660
CST8,4910
CSTF2,21130
CSTF3,85184
CTBP1,38889
CTCF,76711
CTF1,6934
CTH,28634
CTHRC1,11452
CTLA4,20078
CTNNA1,324068
CTNNB1,65356
CTNND1,66304
CTNS,26645
CTPS1,33266
CTSB,27010
CTSC,94616
CTSD,11822
CTSE,15375
CTSF,5416
CTSH,28517
CTSK,14698
CTSL,7419
CTSO,32333
CTSS,35879
CTSV,126880
CTSZ,22553
CTTN,38181
CUL1,103197
CUL3,115248
CUL4A,58916
CUL5,98864
CX3CL1,12568
CXCL1,1916
CXCL10,2380
CXCL11,7734
CXCL12,16329
CXCL13,100082
CXCL14,8601
CXCL16,6396
CXCL2,2157
CXCL3,2219
CXCL6,12425
CXCL8,3198
CXCL9,6235
CXCR3,2596
CXCR4,4829
CXCR6,7419
CXXC1,5497
CYB5A,41128
CYB5B,67863
CYB5R1,5403
CYB5R3,105141
CYBB,33444
CYC1,2487
CYCS,6605
CYFIP1,114012
CYFIP2,129517
CYLD,59886
CYP11B2,7285
CYP17A1,6942
CYP1A1,5995
CYP1A2,7763
CYP26A1,4411
CYP26B1,18625
CYP27A1,33545
CYP2C18,52462
CYP2E1,40815
CYP2J2,33466
CYP2S1,14330
CYP39A1,103251
CYP46A1,43004
CYP4A11,12308
CYP4A22,12293
CYP4B1,61576
CYP4F11,22501
CYP4F2,20055
CYP51A1,49817
CYP7A1,9986
CYP7B1,210975
CYP8B1,19894
CYTH2,13107
D2HGDH,34215
DAAM1,182760
DAB2,90626
DAD1,24318
DAP,82005
DAP3,51051
DAPK2,164998
DAPP1,53364
DARS1,80220
DBF4,33338
DBI,5627
DBP,7350
DBT,62916
DCAF10,67113
DCAF11,11048
DCBLD2,105755
DCC,1195703
DCK,38377
DCLRE1B,9468
DCN,42734
DCP1A,64158
DCP2,45494
DCPS,45946
DCT,42872
DCTN1,30934
DCTN4,50656
DCTPP1,6416
DCUN1D1,47880
DCX,118651
DCXR,2574
DDAH1,259883
DDAH2,3580
DDB1,43146
DDB2,24753
DDC,106970
DDIT3,5150
DDIT4,2118
DDT,9984
DDX10,275942
DDX18,17687
DDX21,28934
DDX25,40355
DDX39A,10586
DDX4,79141
DDX60,102593
DECR1,52229
DEF6,23954
DEGS1,17686
DEK,40689
DENND2B,217601
DENND5A,127135
DEPDC1,23070
DEPTOR,177202
DES,8359
DFFA,16008
DGAT1,12327
DGCR8,31657
DGKA,26709
DGKG,256567
DGKH,216543
DGUOK,32136
DHCR24,37569
DHCR7,24676
DHFR,28758
DHPS,6164
DHRS1,9183
DHRS2,15525
DHRS3,52225
DHRS7,25738
DHRS7B,69902
DHX15,67114
DHX16,19888
DHX58,11311
DIABLO,18395
DIAPH3,498346
DIO1,19848
DIO2,190232
DKC1,14948
DKK1,3762
DKK4,3167
DLAT,39372
DLC1,521250
DLD,40569
DLG1,256771
DLG4,32650
DLG5,135965
DLGAP5,43497
DLK2,6281
DLL1,24360
DLST,21853
DMAC2L,23235
DMC1,51257
DMD,2241933
DMP1,14082
DMPK,12844
DMRT1,127401
DMTN,33533
DNAJA1,14635
DNAJA4,18111
DNAJB1,45623
DNAJB4,38790
DNAJB8,4532
DNAJB9,4984
DNAJC1,247222
DNAJC12,41520
DNAJC15,91011
DNAJC3,117850
DNM1L,66451
DNMBP,134371
DNMT1,97945
DNTT,34156
DNTTIP2,13635
DOCK10,277379
DOCK2,446115
DOCK4,480298
DOCK9,293197
DONSON,29165
DOP1A,103685
DPEP3,4887
DPP4,82150
DPYD,917258
DPYSL2,144148
DPYSL3,119261
DPYSL4,18812
DR1,23587
DRAM1,134551
DRAM2,23041
DRC1,54792
DSC1,33621
DSC2,44056
DSC3,53451
DSCC1,21919
DST,496844
DTNA,398554
DTNB,296450
DTX1,41299
DTX2,44320
DTX4,37159
DTYMK,11198
DUSP1,3100
DUSP14,23611
DUSP2,2272
DUSP3,12853
DUSP4,17621
DUSP5,13627
DUSP6,5267
DUT,12363
DVL2,9176
DYNC1H1,91871
DYNLL2,12124
DYNLT3,10815
DYRK1A,160786
DYRK2,17069
DYRK3,48884
E2F1,10909
E2F2,24796
E2F3,91836
E2F4,6764
E2F5,40005
E2F8,17558
EBI3,8006
EBP,6918
ECD,38901
ECH1,16420
ECHS1,10870
ECI1,12899
ECI2,19905
ECM1,5728
ECM2,43102
ECSIT,23244
ECT2,70793
EDAR,94902
EDC4,11448
EDEM1,32313
EDF1,4190
EDIL3,444327
EDN1,6834
EDN2,5909
EED,77602
EEF1AKMT1,45231
EEF1B2,3344
EEF1E1,29200
EEF2,9408
EEIG1,40408
EFEMP1,58173
EFEMP2,7152
EFHC1,167764
EFHD1,76720
EFNA1,7024
EFNA3,8702
EFNA5,294044
EFS,9350
EGF,100884
EGFR,192612
EGLN2,9439
EGLN3,538548
EGR1,3825
EGR2,7172
EGR3,5822
EHD1,36655
EHHADH,91367
EI24,15405
EIF1,3784
EIF1AX,17314
EIF1B,2718
EIF2AK1,36929
EIF2AK2,58313
EIF2AK3,134778
EIF2S1,26189
EIF2S2,23935
EIF2S3,23865
EIF3A,47148
EIF3B,26660
EIF3D,18330
EIF3J,25905
EIF4A1,6183
EIF4A2,6693
EIF4A3,12783
EIF4E,49858
EIF4E3,79360
EIF4EBP1,29832
EIF4G1,20864
EIF4G2,11891
EIF4G3,370994
EIF4H,22892
EIF5,11482
EIF5A,5465
ELANE,5234
ELF1,129517
ELF3,9239
ELF4,46762
ELK4,34456
ELL,79454
ELL2,76754
ELMOD3,37359
ELN,42119
ELOA,18612
ELOVL2,63547
ELOVL3,3291
ELOVL5,81782
ELOVL6,153354
ELP1,67431
ELP4,280570
EMP1,23219
EMP2,52211
EMP3,9045
ENDOD1,42800
ENG,43644
ENO1,18191
ENO2,9954
ENO3,9040
ENPEP,199553
ENPP1,87140
ENPP2,116368
ENTPD5,61390
ENTPD7,51733
EOMES,6763
EPB41,232956
EPB41L2,223976
EPB41L3,238320
EPB42,23792
EPCAM,42444
EPHA2,31733
EPHA5,350933
EPHB2,210662
EPHB3,20624
EPHB4,24959
EPHX1,35440
EPHX2,54784
EPOR,7136
EPRS1,77931
EPS8L2,33290
EPSTI1,105884
ERAP2,43718
ERBB2,42513
ERBB3,26707
ERCC1,71495
ERCC2,21082
ERCC3,36877
ERCC4,32211
ERCC5,30165
ERCC8,78620
EREG,23605
ERGIC3,15597
ERH,18172
ERMAP,27870
ERN1,91740
ERO1A,55986
ERP29,10102
ERRFI1,21906
ESPL1,25340
ESR1,472929
ESR2,253881
ESRP2,9070
ESRRA,11247
ESYT1,26425
ETF1,37142
ETFA,123176
ETFB,21220
ETFBKMT,25955
ETFDH,38775
ETHE1,20512
ETS1,128798
ETS2,19773
ETV1,100197
ETV4,51777
ETV5,64005
EVI5,283709
EVL,172788
EWSR1,32517
EXO1,47182
EXOC2,207986
EXOC4,813517
EXOSC1,10109
EXOSC10,33252
EXOSC2,13568
EXOSC4,2001
EXOSC5,10992
EXOSC7,60826
EXOSC8,27066
EXOSC9,15704
EXT1,317337
EXT2,156315
EZH1,44775
EZH2,77065
EZR,53628
F10,26731
F11,23493
F12,14451
F13A1,176930
F13B,28520
F2,20311
F2R,19645
F2RL1,16383
F2RL2,7932
F3,12587
F5,74638
F7,14898
F8,191153
F9,32721
FABP1,5081
FABP2,4889
FABP3,11598
FABP4,4818
FABP5,4242
FABP6,51369
FADS1,29692
FADS2,74375
FAH,34457
FAM120A,114428
FAM162A,28174
FANCC,327743
FAP,74468
FARP1,312615
FARSA,11559
FAS,75793
FASLG,7774
FASN,19957
FBL,11922
FBLN1,98898
FBLN2,89298
FBLN5,78577
FBN1,237409
FBN2,401277
FBP1,37117
FBP2,35105
FBXO34,98710
FBXO4,16490
FBXO5,13061
FBXO6,10155
FBXO7,24154
FBXO9,48883
FBXW11,145325
FBXW7,215549
FCER1G,5466
FCGR1A,9005
FCGR2B,15512
FCMR,19931
FCN1,14681
FDFT1,43823
FDPS,11919
FDX1,34937
FDXR,10535
FECH,42356
FEN1,4328
FERMT2,95168
FES,12082
FETUB,17173
FEZ1,149688
FFAR2,7861
FGA,7617
FGD4,246493
FGD6,140734
FGF13,608051
FGF16,9890
FGF17,6412
FGF18,37980
FGF2,71555
FGF22,4495
FGF6,17661
FGF9,33426
FGFR1,68620
FGFR3,15580
FGG,8834
FGGY,514010
FGL2,6480
FGR,23122
FH,22289
FHL1,64658
FHL2,80802
FIS1,12859
FJX1,2406
FKBP14,16116
FKBP1A,24188
FKBP1B,13981
FKBP2,3130
FKBP4,10454
FKBP5,154999
FLII,13924
FLNA,26111
FLNB,163854
FLNC,28869
FLOT2,18399
FLT3LG,12025
FLT4,48119
FMO1,37508
FMO3,26919
FMOD,11131
FN1,75634
FN3K,15582
FNTA,51595
FOS,3405
FOSB,7185
FOSL1,8525
FOSL2,24870
FOXA2,4458
FOXC1,3983
FOXC2,2900
FOXJ2,22802
FOXN3,494279
FOXO1,110975
FOXO3,124940
FOXO4,7682
FPR1,58944
FRAT1,2645
FRK,129743
FSCN1,13840
FSHB,4248
FST,6509
FSTL1,58724
FSTL3,7001
FTCD,19420
FTL,1571
FUCA1,23214
FURIN,14977
FUS,16826
FUT4,5975
FUT8,333530
FXN,43326
FXYD1,4286
FYB1,169277
FYN,213121
FZD1,6894
FZD2,3779
FZD4,9717
FZD5,7309
FZD7,4587
FZD8,4050
G0S2,979
G3BP1,41867
G3BP2,82741
G6PC1,13642
G6PC2,8710
G6PD,29748
GAA,18349
GAB2,203056
GABARAPL1,10671
GABARAPL2,11507
GABBR1,78348
GABRA3,285082
GAD1,47939
GAD2,87894
GADD45A,3134
GADD45B,2138
GADD45G,1544
GAL,7397
GAL3ST1,20031
GALC,155846
GALE,5183
GALK1,13643
GALK2,212214
GALM,75157
GALNT1,130718
GALNT3,98614
GAMT,4545
GAPDH,3863
GAPDHS,11865
GAPVD1,105414
GART,39561
GAS1,3145
GATA1,7772
GATA3,29821
GBE1,271943
GBF1,137529
GBP2,44325
GBP4,17799
GBP6,24102
GC,62346
GCA,52756
GCDH,23999
GCG,9523
GCH1,60819
GCK,54958
GCKR,26846
GCLC,119630
GCLM,24258
GCNT1,231354
GCNT2,137146
GDA,142599
GDE1,20431
GDNF,27365
GEM,13098
GEMIN4,9579
GFI1,13883
GFPT1,67471
GFPT2,52639
GFRA1,219879
GFUS,5431
GGA2,58454
GGH,24527
GHITM,15360
GHRL,7282
GINS1,61693
GINS2,13876
GINS3,111068
GINS4,15813
GJA1,14133
GJA5,17164
GJB3,5156
GLA,14740
GLCE,111634
GLDC,113263
GLI1,12484
GLIPR1,23111
GLIPR2,27378
GLMN,52586
GLO1,27221
GLRX,71408
GLRX2,15249
GLRX5,11222
GLS,84732
GLS2,17471
GLUD1,44642
GLUL,14109
GM2A,58291
GMCL1,51725
GMFB,14542
GMPPA,15034
GMPPB,7130
GMPR,56963
GMPR2,6821
GMPS,73371
GNA14,225244
GNA15,27717
GNAI1,458154
GNAI2,33071
GNAI3,51581
GNAO1,167785
GNAS,71475
GNB2,5608
GNB4,55389
GNE,62602
GNG11,6876
GNG12,131993
GNG2,153148
GNGT1,319693
GNGT2,7784
GNL3,13342
GNMT,3127
GNPAT,36767
GNPDA1,21293
GOLGA4,123689
GOSR2,52450
GOT1,33755
GOT2,27212
GP1BA,2747
GP2,18235
GP9,1628
GPAM,65513
GPAT4,47815
GPC1,32414
GPC3,451356
GPC4,115387
GPD1,7332
GPD1L,63021
GPD2,178446
GPER1,11608
GPHN,674397
GPI,42934
GPNMB,39142
GPR132,16051
GPR18,7013
GPR182,3956
GPR183,12861
GPR19,35318
GPR3,3193
GPR65,9677
GPR83,24104
GPR87,22735
GPRC5B,29477
GPRC5C,26803
GPX1,1432
GPX2,3595
GPX3,8398
GPX4,2810
GPX7,6681
GPX8,7131
GRB2,87634
GRB7,9365
GREB1,160448
GREM1,27103
GRHPR,14325
GRID2,1506192
GRINA,3360
GRK2,20084
GRK5,252175
GRM8,814496
GRPEL1,9415
GRWD1,11182
GSDME,59586
GSG1,20152
GSK3B,273674
GSN,125050
GSPT1,47955
GSR,49781
GSS,27596
GSTA3,13060
GSTK1,26762
GSTM1,21226
GSTM2,41530
GSTM3,7107
GSTM4,9398
GSTO1,32104
GSTT2,3858
GSTZ1,10602
GTF2A2,19480
GTF2B,39312
GTF2F1,14410
GTF2H1,44751
GTF2H3,28866
GTF2H5,30995
GTF3C5,27829
GUCY1A1,70334
GUCY1B1,48820
GUCY2D,17728
GUK1,9023
GUSB,21532
GYPA,31449
GYPB,23277
GYPC,40535
GYPE,34700
GYS1,25181
GYS2,68741
GZMA,7607
GZMB,3314
GZMK,10315
H1-0,2204
H1-2,731
H1-6,724
H2AC25,23097
H2AJ,3598
H2AX,1592
H2AZ1,2270
H2AZ2,21297
H2BC12,495
H2BC3,487
H4C3,405
HACL1,41154
HADH,45528
HADHA,54038
HADHB,47296
HAGH,31538
HAO1,57474
HAO2,25352
HAS1,10880
HAS2,29325
HAX1,3521
HBB,3932
HBBP1,1418
HBD,10980
HBEGF,13761
HBQ1,721
HBZ,11776
HCCS,11786
HCLS1,29529
HDAC1,41553
HDAC11,26701
HDAC2,78281
HDAC3,15974
HDAC5,46957
HDAC6,23606
HDAC9,915468
HDDC2,82117
HDGF,24817
HDLBP,89798
HEBP1,25396
HELLS,68577
HELZ2,16154
HERC3,184641
HERC6,64359
HERPUD1,12723
HES1,2585
HES6,2396
HEXA,35497
HEXIM1,3625
HEY1,5487
HEY2,13606
HEYL,16209
HGF,71429
HGFAC,7519
HHEX,5693
HIBCH,154459
HIF1A,52747
HINT1,69086
HIPK2,216429
HIRA,116753
HK1,131901
HK2,59233
HKDC1,47221
HLA-A,8313
HLA-B,13196
HLA-C,3382
HLA-DMA,20482
HLA-DMB,6400
HLA-DOA,5410
HLA-DOB,7704
HLA-DQA1,18884
HLA-DRA,5169
HLA-DRB1,11947
HLA-E,4686
HLA-F,15754
HLA-G,4159
HMBS,8969
HMGA1,9359
HMGB2,3057
HMGB3,10263
HMGCL,36736
HMGCR,27673
HMGCS1,26043
HMGCS2,20904
HMGN2,4203
HMMR,31739
HMOX1,13854
HMOX2,35658
HNF1A,23970
HNF4A,77147
HNRNPA1,6896
HNRNPA2B1,30379
HNRNPA3,11266
HNRNPC,60359
HNRNPD,22006
HNRNPR,40566
HNRNPU,23923
HOMER1,141499
HOMER2,149208
HOOK3,133590
HOPX,33889
HOXB1,2486
HOXB9,5203
HOXC10,5215
HOXD11,5539
HPCAL4,12838
HPGD,32980
HPN,26068
HPRT1,60349
HR,18966
HRAS,5080
HRC,4199
HRG,18019
HRH1,126465
HS2ST1,195348
HS3ST1,36415
HS6ST2,335381
HSD11B1,48772
HSD11B2,6902
HSD17B10,3113
HSD17B11,54674
HSD17B14,23493
HSD17B2,63531
HSD17B4,184735
HSD17B6,35630
HSD17B7,22122
HSD3B1,7857
HSD3B7,3941
HSDL2,92326
HSP90AA1,58958
HSP90AB1,7723
HSP90B1,23825
HSPA13,12370
HSPA1A,2404
HSPA1L,5665
HSPA2,10269
HSPA4,54437
HSPA4L,58913
HSPA5,6530
HSPA8,5742
HSPA9,21920
HSPB1,1623
HSPB2,1360
HSPB8,53301
HSPD1,30154
HSPE1,3310
HSPH1,27416
HTATIP2,20098
HTR1B,2568
HTR1D,25608
HTR5A,17069
HTR7,117217
HTRA1,56357
HTRA2,3755
HUS1,16328
HUWE1,154657
HYAL2,4993
HYCC2,97954
HYOU1,13040
IAPP,25022
IARS1,83648
ICA1,149504
ICAM1,15523
ICAM2,18041
ICAM4,1568
ICAM5,6827
ICOS,24815
ICOSLG,26065
ID1,1233
ID2,5617
ID3,1576
IDE,122413
IDH1,29846
IDH2,19433
IDH3A,40448
IDH3B,5825
IDH3G,8747
IDI1,9968
IDO1,26516
IDS,44109
IDUA,17568
IER2,4501
IER3,1350
IER5,4201
IFI27,11860
IFI30,4956
IFI35,7717
IFI44,14283
IFI44L,26244
IFIH1,51611
IFIT1,13942
IFIT2,25578
IFIT3,50167
IFITM1,5232
IFITM2,5743
IFITM3,9800
IFNAR1,35478
IFNAR2,60394
IFNB1,839
IFNG,4973
IFNGR1,21967
IFNGR2,75936
IFRD1,58131
IFT88,124307
IGF1,85871
IGF1R,315992
IGF2,29280
IGF2R,144426
IGFBP1,5301
IGFBP2,31609
IGFBP3,9630
IGFBP4,14276
IGFBP5,23445
IGFBP6,4910
IGFBP7,79613
IGSF1,305394
IGSF3,93357
IGSF6,13059
IKBKB,61159
IKBKG,23848
IKZF1,101034
IKZF2,152737
IKZF4,30777
IL10,6940
IL10RA,16668
IL10RB,45054
IL11,6082
IL12A,7185
IL12B,16084
IL12RB1,39950
IL12RB2,91361
IL13,4848
IL13RA1,67403
IL13RA2,16003
IL15,97405
IL15RA,34549
IL16,154484
IL17RA,30740
IL17RB,19227
IL18,20844
IL18BP,8703
IL18R1,87249
IL18RAP,33877
IL1A,10569
IL1B,7066
IL1R1,115331
IL1R2,36585
IL1RL1,40536
IL1RL2,52997
IL2,5256
IL23A,6237
IL27RA,21457
IL2RA,51682
IL2RB,56453
IL2RG,4705
IL32,16896
IL33,42198
IL3RA,46074
IL4,8693
IL4I1,39886
IL4R,51111
IL5,15394
IL6,6119
IL6ST,59928
IL7,129781
IL7R,26909
IL9,3596
IL9R,13122
ILF2,9241
ILF3,38097
ILVBL,10803
IMMT,51541
IMP3,9622
IMP4,5091
IMPA2,49853
IMPDH2,5123
INCENP,29172
ING3,26454
INHA,6550
INHBA,38667
INHBB,5668
INHBE,6958
INMT,59618
INPP4B,824273
INPP5F,103106
INPPL1,15447
INS,1443
INSIG1,12460
INSL5,3537
INSM1,2846
IP6K1,62249
IP6K2,52351
IPCEF1,202308
IPO4,8651
IPO7,63476
IQGAP2,304848
IRAG2,103994
IRAK1,9397
IRAK2,78827
IRAK4,39364
IRF1,68280
IRF2,88857
IRF4,19705
IRF5,12582
IRF6,20559
IRF7,3431
IRF8,23491
IRF9,6810
IRS1,68509
IRS2,33889
IRS4,16618
ISCA1,18557
ISCU,6787
ISG15,13403
ISG20,20814
ISG20L2,6876
ISL1,11283
ISOC1,19280
ITGA10,18904
ITGA2,105440
ITGA3,34514
ITGA4,81739
ITGA5,24006
ITGA6,272244
ITGA7,31837
ITGA9,371393
ITGAE,86561
ITGAL,50910
ITGAM,72926
ITGAV,90892
ITGB1,118520
ITGB1BP1,20054
ITGB1BP2,3622
ITGB2,46037
ITGB3,59917
ITGB4,36491
ITGB5,139471
ITGB7,15960
ITGB8,85053
ITGBL1,268264
ITIH1,14474
ITIH3,14032
ITIH4,17727
ITIH5,107729
ITK,112253
ITPA,15003
ITPK1,179407
ITPR2,497843
ITSN1,257462
JAG1,36316
JAG2,27843
JAGN1,3776
JAK1,234532
JAK2,145559
JAM3,82931
JMJD6,13968
JPT1,33034
JUN,7204
JUNB,1830
JUP,32328
KALRN,692957
KARS1,21170
KAT2A,8257
KAT2B,113959
KATNA1,54100
KATNB1,21506
KAZN,1225252
KCNA3,21381
KCND1,10467
KCNE2,7376
KCNH1,457343
KCNH2,33361
KCNIP2,17947
KCNIP3,88751
KCNJ2,11372
KCNJ8,10646
KCNK15,6449
KCNK5,40505
KCNMA1,768769
KCNMB1,14964
KCNMB2,571498
KCNN1,48793
KCNN4,14444
KCNQ2,72470
KDELR3,15370
KDM3A,52070
KDM4B,184486
KDM6B,20580
KDM7A,92238
KEL,21250
KHNYN,12558
KHSRP,11710
KIF11,81291
KIF13B,195847
KIF15,111656
KIF18B,23065
KIF1B,171034
KIF20A,9005
KIF20B,73350
KIF22,14659
KIF23,34182
KIF2A,84864
KIF2C,27950
KIF3B,57361
KIF3C,56152
KIF4A,130783
KIF5A,40608
KIF5B,47411
KIF5C,151533
KIFAP3,163883
KIFC3,104837
KIT,83517
KLC1,152354
KLF1,2780
KLF10,6942
KLF2,3860
KLF3,37321
KLF4,5631
KLF5,22566
KLF6,9286
KLF7,99720
KLF9,30054
KLHDC3,7196
KLHDC8A,21030
KLHL24,48910
KLK1,4642
KLK10,7437
KLK11,5824
KLK2,19000
KLK3,5850
KLK7,7632
KLK8,6705
KLKB1,32034
KLRD1,103551
KLRK1,19522
KMT2D,41820
KMT5A,25222
KNL1,70323
KNTC1,99151
KPNA2,11729
KPNB1,36030
KPTN,9116
KRT1,5672
KRT13,4725
KRT15,8785
KRT17,5401
KRT18,4036
KRT19,4692
KRT31,3888
KRT4,7568
KRT5,5956
KRT8,52768
KYNU,178177
L1CAM,24660
L3MBTL4,460532
LAD1,19083
LALBA,2383
LAMA1,176056
LAMA2,633429
LAMA3,266770
LAMA4,147009
LAMB3,37556
LAMC1,122173
LAMC2,58890
LAMP2,43218
LAMP3,41625
LAMTOR5,6694
LAP3,30775
LAPTM5,25306
LARGE1,760616
LAS1L,96262
LAT2,30183
LATS1,59953
LATS2,88551
LAYN,21466
LBR,27424
LCAT,4382
LCK,34922
LCLAT1,197000
LCP1,85952
LCP2,51583
LCT,49335
LDB1,13880
LDB3,69288
LDHA,13866
LDHB,122516
LDHC,39746
LDLR,44403
LDLRAP1,25281
LEAP2,1603
LEF1,121412
LEFTY2,4786
LEP,16352
LEPR,220908
LFNG,16649
LGALS1,4167
LGALS3,21314
LGALS3BP,8710
LGALS7,2550
LGMN,44873
LHPP,156066
LHX2,31632
LHX9,23577
LIF,6307
LIFR,133687
LIG1,55159
LIG3,29232
LIMA1,107733
LIPA,200989
LIPE,25875
LITAF,88660
LLGL1,19241
LLGL2,50130
LMAN1,31443
LMNA,57510
LMNB1,60398
LMO2,33501
LONP1,28739
LONP2,118823
LOX,15219
LOXL1,26149
LOXL2,128432
LPAR1,165208
LPAR6,55138
LPCAT3,42293
LPIN1,149815
LPIN2,127849
LPL,65543
LRIG1,122467
LRP1,84879
LRP10,9974
LRPAP1,28835
LRPPRC,110003
LRRC15,14495
LRRC8C,136832
LSM1,13396
LSM2,9571
LSM4,16877
LSM7,7092
LSP1,41364
LSR,19635
LSS,40684
LTA,2271
LTA4H,42768
LTB,1998
LTBP1,452557
LTBP2,114196
LTBR,16527
LTC4S,2668
LTF,49590
LUC7L3,36655
LUM,8866
LXN,26827
LY6E,5851
LY75,101402
LY86,66876
LY96,37688
LYAR,22454
LYN,134335
LYPD3,4822
LYSMD2,28575
M6PR,9401
MACROH2A2,59739
MAD2L1,11236
MADCAM1,16168
MADD,60871
MAF,14895
MAFB,3389
MAFF,15741
MAGEE1,3633
MAGI2,1436613
MAGIX,6211
MAK,75831
MAL,28316
MAL2,80640
MALL,32153
MAML1,44462
MAML2,366598
MAN1A1,172557
MAOA,91911
MAOB,115841
MAP1B,102332
MAP1S,15272
MAP2K3,30561
MAP2K5,264415
MAP2K6,139169
MAP3K1,80604
MAP3K11,17627
MAP3K20,192581
MAP3K6,11778
MAP3K7,73514
MAP3K8,27813
MAP4K1,31242
MAP4K2,18324
MAP4K3,188036
MAP6,82121
MAP7,208539
MAPK1,108024
MAPK10,604619
MAPK11,7055
MAPK12,16267
MAPK13,16716
MAPK14,83455
MAPK8,132722
MAPK8IP2,13189
MAPK9,58957
MAPKAP1,269842
MAPKAPK2,49377
MAPKAPK3,37772
MAPRE1,30452
MAPRE3,56583
MAPT,133808
MARCHF1,859753
MARCHF2,25748
MARCHF6,86694
MARCHF8,140322
MARCKS,6131
MARCO,52467
MARK2,72093
MARK3,118455
MARK4,225997
MASP2,25231
MAST2,249136
MAST3,53915
MAST4,573214
MATN2,167885
MATN3,20617
MB,31188
MBL2,7405
MBOAT2,151020
MBP,154857
MCCC1,100858
MCCC2,79176
MCEE,20556
MCL1,18844
MCM2,24214
MCM3,20868
MCM4,17976
MCM5,25298
MCM6,36818
MCM7,9708
MDGA1,68628
MDH1,18589
MDH2,19458
MDK,3082
MDM2,37368
ME1,220650
ME2,75178
MED13L,319789
MED24,42119
MEF2A,151072
MEF2C,187141
MEF2D,37053
MEFV,14607
MEIS1,140418
MEIS2,212096
MELK,104822
MEP1A,46390
MEP1B,35336
MERTK,130955
MEST,20295
MET,126182
METAP1,67151
METTL3,13210
MFAP5,25543
MFHAS1,110277
MFN2,35031
MFSD6,100851
MGAT1,30873
MGLL,363129
MGMT,303794
MGP,4994
MGST1,262118
MGST3,30584
MICB,16244
MID1,388345
MID1IP1,5098
MIF,845
MIGA2,35462
MINDY1,11828
MINPP1,48587
MIOS,42058
MIOX,3865
MIX23,23641
MKI67,29765
MKNK1,59437
MKNK2,13780
MKRN1,26504
MLF1,36090
MLH1,57671
MLLT10,218985
MLLT11,9148
MLPH,69895
MLYCD,52331
MMD,29303
MMP1,8760
MMP10,10127
MMP11,16091
MMP12,12247
MMP13,12738
MMP14,12482
MMP15,21148
MMP16,296015
MMP2,116992
MMP3,7809
MMP7,10243
MMP8,15255
MMP9,7654
MMS22L,141057
MNAT1,235224
MOCOS,84661
MOCS2,14385
MON2,133660
MOSPD1,27626
MOV10,27616
MPC1,18095
MPC2,20398
MPG,8845
MPHOSPH10,19792
MPI,12215
MPO,11081
MPP1,42324
MPP2,34355
MPPED2,202380
MPZL1,70728
MPZL2,11121
MRAP,22972
MRAS,57887
MRE11,78316
MREG,91513
MRPL11,31664
MRPL15,13274
MRPL23,37245
MRPL3,40772
MRPL34,14235
MRPL35,14436
MRPL40,3531
MRPL9,3850
MRPS11,13324
MRPS12,2225
MRPS15,8667
MRPS18B,8556
MRPS22,354692
MRPS30,11482
MRPS31,42063
MRTO4,8324
MSC,2853
MSH2,260080
MSH5,23000
MSMB,14874
MSN,153555
MSR1,459613
MSRA,374600
MSRB1,4971
MSRB2,26435
MST1,5555
MSX1,4272
MT1E,1638
MT2A,914
MT3,2015
MTA1,50910
MTARC2,36591
MTCH2,25293
MTF2,59845
MTHFD1,75427
MTHFD2,31394
MTHFD2L,188926
MTHFR,20733
MTIF2,32753
MTMR10,52688
MTNR1A,28776
MTOR,156022
MTREX,117591
MTRF1,47209
MTRR,54840
MTX2,68631
MUC1,7093
MVB12A,28003
MVD,11227
MVK,24871
MVP,27646
MX1,50052
MX2,47395
MXD1,45258
MXD3,11297
MXD4,14678
MXI1,79761
MXRA5,38088
MYB,37866
MYBBP1A,16490
MYBL1,52073
MYBL2,49477
MYBPC3,21297
MYBPH,8016
MYC,7518
MYCN,6458
MYD88,4473
MYF6,1841
MYH1,26236
MYH10,157170
MYH11,155304
MYH2,28553
MYH3,28784
MYH4,26270
MYH7,22921
MYH8,31629
MYH9,106731
MYL1,25025
MYL11,7058
MYL12A,8756
MYL12B,16983
MYL2,142439
MYL3,47069
MYL4,23234
MYL6B,7392
MYL7,2469
MYL9,9951
MYLK,274284
MYO15A,71047
MYO1C,28501
MYO1E,240438
MYO9B,138761
MYOF,175906
MYOG,2884
MYOM1,153162
MYOM2,120507
MYOT,19994
MYOZ1,9863
NAA11,100368
NAA38,28554
NAB2,6434
NABP1,63030
NADSYN1,70999
NAGK,15465
NAMPT,37669
NANP,11080
NAP1L1,48151
NAP1L2,2553
NAPA,27455
NAPG,26860
NARF,32358
NASP,35059
NAT1,53213
NAV2,770878
NBL1,61478
NBN,78714
NCAM1,317162
NCAN,40276
NCAPD2,38600
NCAPH,41326
NCAPH2,16557
NCBP1,40081
NCBP2,7193
NCF4,17030
NCK1,89399
NCK2,149363
NCL,30111
NCOA3,154991
NCOA4,25536
NCOA6,136555
NCOA7,150874
NCOR2,243198
NCR1,9993
NCS1,64900
NCSTN,15659
NDC80,45079
NDP,24620
NDRG1,64848
NDRG2,54110
NDST1,72394
NDST2,9888
NDST3,225017
NDUFA1,4831
NDUFA2,9032
NDUFA3,6530
NDUFA4,8211
NDUFA5,20908
NDUFA6,5359
NDUFA7,12608
NDUFA8,15722
NDUFA9,45223
NDUFAB1,15303
NDUFAF4,8577
NDUFB1,5796
NDUFB2,32014
NDUFB3,14318
NDUFB4,6180
NDUFB5,22958
NDUFB6,20184
NDUFB7,5989
NDUFB8,6261
NDUFC1,35672
NDUFC2,11566
NDUFS1,44693
NDUFS2,17620
NDUFS3,19227
NDUFS4,122706
NDUFS6,14642
NDUFS7,12063
NDUFS8,6028
NDUFV1,6902
NDUFV2,31716
NDUFV3,33661
NECTIN1,105793
NECTIN2,43049
NECTIN3,205493
NECTIN4,18561
NEDD4,166739
NEDD4L,357315
NEDD9,199051
NEFH,11173
NEGR1,886597
NEK2,16974
NEK7,165427
NELFB,18216
NELFCD,13926
NELFE,6952
NET1,46500
NEUROD1,12533
NEUROG3,1725
NEXN,55383
NF1,287190
NF2,95046
NFASC,194172
NFAT5,139573
NFE2,8905
NFE2L1,13217
NFE2L2,174090
NFIB,317141
NFIL3,14788
NFKB1,115973
NFKB2,8415
NFKBIA,3671
NFKBIB,9194
NFKBIE,7623
NFKBIZ,33032
NFS1,31304
NFX1,80646
NFYA,29430
NFYB,21156
NFYC,79956
NGB,5724
NGF,52867
NGLY1,71096
NHERF1,20726
NHERF4,4767
NHLH2,7541
NHP2,4432
NIBAN1,183785
NID2,64251
NIN,111400
NINJ1,12756
NIP7,5111
NIPBL,189645
NKD1,100854
NKIRAS1,56641
NKX2-2,3048
NKX2-5,3203
NKX3-1,4242
NKX6-1,7308
NLGN2,14987
NLGN3,30435
NLRC5,94047
NLRP3,116778
NME1,8870
NME3,1242
NME4,13643
NMI,19425
NMT1,151025
NMU,41470
NMUR1,7259
NNMT,55750
NNT,104714
NOC4L,8017
NOCT,30159
NOD1,54258
NOD2,39490
NOG,1913
NOL3,5584
NOL8,28279
NOLC1,11696
NOP14,25474
NOP16,4982
NOP2,11829
NOP56,5801
NOS1,244029
NOS2,43764
NOTCH1,51616
NOTCH2,189227
NOTCH3,41958
NOTCH4,29225
NPC1,80323
NPFFR2,116404
NPHP1,82756
NPHS1,43916
NPM1,24695
NPR2,18730
NPTX2,12585
NPTXR,25577
NPY1R,20871
NPY4R,4860
NPY5R,8043
NQO1,19673
NQO2,31769
NR0B2,2487
NR1D2,35332
NR1H4,90707
NR1I2,38004
NR3C1,157582
NR3C2,365937
NR4A1,36676
NR4A2,17912
NR4A3,45037
NR6A1,254037
NRAP,75357
NRCAM,309095
NRIP1,104702
NRIP2,10197
NRP1,158771
NRP2,116144
NRTN,23258
NRXN2,117024
NSD2,110815
NSDHL,38763
NT5C,1533
NT5C3A,48667
NT5E,46208
NTF3,89429
NTHL1,8052
NTM,966345
NTNG1,344917
NTRK3,397041
NUB1,36678
NUDT11,6582
NUDT12,13936
NUDT15,9496
NUDT19,21972
NUDT21,23067
NUDT4,30264
NUDT9,36883
NUFIP1,50223
NUMA1,77830
NUMB,183511
NUP107,58859
NUP153,91891
NUP205,90841
NUP50,24093
NUP58,63867
NUP93,120169
NUP98,126710
NUPR1,6301
NUSAP1,60257
NXF1,14180
NXT1,3981
OAS1,27364
OAS2,33329
OAS3,38410
OASL,21484
OAT,21674
OAZ3,8436
OCEL1,3007
OCRL,52713
ODC1,8360
ODF1,9430
ODF2,46107
OGDH,102495
OGFR,9166
OLFM1,45759
OLFML3,56182
OLR1,13838
OMD,12092
ONECUT1,36026
OPA1,104668
OPHN1,484565
OPN3,87275
OPRK1,25914
OPTN,38860
ORC2,54704
ORC5,81707
ORC6,8752
ORM1,3382
OSBP2,214043
OSGIN1,35022
OSM,4023
OSMR,99739
OSTC,17236
OVOL2,102210
OXA1L,6521
OXSR1,90396
OXT,898
OXTR,19248
P2RX4,24042
P2RX6,18206
P2RX7,55214
P2RY1,6309
P2RY14,66426
P2RY2,24147
P2RY4,2039
P3H1,20750
P4HA1,89758
P4HA2,105169
PA2G4,9374
PABPC1,36994
PABPC4,16082
PACRG,588369
PAFAH1B1,92433
PAICS,28838
PAIP1,31492
PAK1,152619
PAK3,283077
PAK4,57047
PALLD,431406
PALS1,95349
PAM,275750
PAN2,17831
PANX1,53128
PAOX,12434
PAPOLB,4293
PAPSS2,88093
PARD6G,90283
PARN,197029
PARP12,39203
PARP14,50002
PARP2,14290
PARP9,36654
PARVA,157794
PAX3,99112
PAX4,7851
PAX6,33183
PAXIP1,59438
PBK,28459
PBX2,5470
PC,109970
PCBD1,6286
PCBP1,1727
PCDH1,26157
PCDH7,426437
PCDHB1,7973
PCGF5,121326
PCK1,7042
PCLO,408919
PCM1,107107
PCNA,11674
PCNT,121646
PCOLCE,5813
PCOLCE2,73285
PCP4,61960
PCSK1,43811
PCSK1N,4515
PCSK2,258472
PCSK4,9325
PCSK9,25408
PCYT2,10475
PDAP1,16550
PDCD1,9011
PDCD1LG2,60752
PDCD2L,21770
PDCD4,28212
PDE4B,582066
PDE4DIP,240147
PDE6B,45210
PDE6G,12654
PDGFA,23039
PDGFB,21624
PDGFC,211346
PDGFRB,42034
PDHA1,17826
PDHA2,1372
PDHB,6228
PDHX,104763
PDIA5,158203
PDIA6,54587
PDK1,53297
PDK2,17416
PDK3,85223
PDK4,13018
PDLIM1,53441
PDLIM3,34848
PDLIM4,15759
PDLIM5,216371
PDLIM7,14213
PDP1,68262
PDPN,34493
PDS5B,191568
PDX1,6314
PDZK1,37297
PDZK1IP1,7463
PEA15,9997
PEBP1,9461
PECAM1,94362
PECR,86627
PEF1,15031
PEG3,30652
PELI1,51769
PEMT,86146
PENK,9998
PER1,16035
PERP,18915
PES1,30459
PEX1,41501
PEX11A,13020
PEX11B,7368
PEX11G,20575
PEX12,4069
PEX13,34766
PEX14,158471
PEX16,9150
PEX19,9542
PEX2,20787
PEX26,27474
PEX5,29890
PEX6,15317
PEX7,91371
PF4,1217
PFKFB1,65574
PFKFB3,109711
PFKL,27326
PFKM,41266
PFKP,71386
PFN1,3410
PFN2,85885
PGAM1,7254
PGAM2,2841
PGD,21920
PGF,13793
PGK1,218557
PGK2,1626
PGLS,9653
PGLYRP1,3901
PGM1,66835
PGM2,36278
PGM3,46613
PGR,100190
PGRMC1,8222
PGS1,46466
PHB1,10857
PHB2,5454
PHEX,462389
PHF3,143535
PHF5A,8976
PHF7,12982
PHGDH,95808
PHKA2,91817
PHKG1,12714
PHKG2,12884
PHLDA1,6330
PHLDA2,1148
PHLDA3,4960
PHLDB1,51592
PHTF2,158731
PHYH,24617
PIAS1,144295
PIAS2,116943
PIAS3,11315
PICALM,112708
PICK1,19391
PIDD1,10575
PIF1,10037
PIGQ,17115
PIGR,17945
PIK3CA,91980
PIK3CB,182231
PIK3CD,99226
PIK3CG,43703
PIK3R3,92897
PIK3R5,86802
PIKFYVE,92492
PIM1,5277
PIM3,3305
PIN1,14433
PINK1,18054
PIPOX,106704
PITPNB,68466
PITPNC1,319976
PITX2,24701
PKD1,47191
PKD2,70143
PKHD1,472315
PKIA,88928
PKLR,12146
PKM,32791
PKP1,49542
PKP2,106054
PKP3,12295
PLA2G12A,20082
PLA2G2A,4986
PLA2G4A,160033
PLA2G7,31493
PLAAT3,43689
PLAC1,198485
PLAC8,47028
PLAG1,50416
PLAGL1,124300
PLAT,32992
PLAU,8320
PLAUR,24453
PLCB1,891110
PLCB2,29760
PLCB4,436769
PLCG1,59842
PLCL1,767989
PLEC,61582
PLEK,32172
PLEK2,25184
PLEKHG2,15747
PLG,51904
PLIN2,40916
PLK1,12712
PLK2,6158
PLK3,5614
PLK4,18332
PLOD1,41334
PLOD2,128587
PLOD3,12444
PLPP1,110116
PLPP3,150541
PLPPR4,45299
PLSCR1,29677
PLVAP,25893
PLXNB1,26233
PLXNB2,32668
PMAIP1,4310
PMEPA1,63145
PML,53155
PMM1,12972
PMM2,73712
PMP22,42520
PMPCA,17363
PMS2,38206
PMVK,11980
PNMT,2495
PNN,8038
PNO1,18351
PNP,15103
PNPLA8,99250
PNPT1,59803
PNRC1,4410
PODXL,57956
POLA1,303114
POLA2,44047
POLB,33355
POLD1,33815
POLD2,9728
POLD3,175267
POLD4,6201
POLE,63624
POLE3,3441
POLE4,11486
POLG2,19270
POLH,44339
POLL,9389
POLQ,114558
POLR1C,52718
POLR1D,123496
POLR1H,6011
POLR2A,30251
POLR2C,9350
POLR2D,14603
POLR2E,8807
POLR2F,89309
POLR2G,5146
POLR2H,6887
POLR2I,1505
POLR2J,5795
POLR2K,3381
POLR3C,20350
POLR3G,42810
POLR3GL,14159
POLR3K,7202
POM121,72092
POMC,8051
POP4,10955
POP7,1366
POR,87656
POSTN,36262
POU2F1,206470
PPA1,31077
PPAN,5651
PPARA,93235
PPARD,85634
PPARG,146989
PPARGC1A,149049
PPAT,42254
PPBP,1752
PPFIA4,52250
PPIA,27885
PPIB,7395
PPIF,7866
PPM1A,53336
PPM1B,76416
PPM1D,66088
PPM1G,28397
PPOX,11958
PPP1CA,23003
PPP1R15A,3848
PPP1R15B,15396
PPP1R2,28959
PPP1R3C,4630
PPP1R8,20895
PPP2CB,39858
PPP2R1B,39482
PPP2R2C,243023
PPP2R5B,16923
PPP3R1,77381
PPP4C,9399
PPP4R2,72396
PPRC1,17340
PPT1,24551
PRAF2,2842
PRC1,29590
PRCP,147649
PRDM1,116477
PRDM2,124892
PRDM4,28402
PRDX1,31819
PRDX2,4981
PRDX3,11093
PRDX4,22136
PRDX5,3691
PRDX6,11486
PREB,3911
PRELID3B,9665
PREP,180845
PREX1,203748
PRF1,5412
PRG2,3871
PRIM1,21937
PRIM2,332046
PRKAA2,70022
PRKAB1,13761
PRKACA,26397
PRKAG1,16534
PRKAR2A,103278
PRKAR2B,117107
PRKCA,508131
PRKCB,384629
PRKCD,36709
PRKCE,536646
PRKCG,28463
PRKCH,363418
PRKDC,187068
PRKG2,127853
PRKN,1380359
PRLR,181732
PRM2,842
PRMT2,29530
PRMT3,121781
PRMT5,8884
PRNP,15241
PROC,10816
PROCR,44169
PRODH,23777
PROK2,13552
PROP1,4008
PROS1,106953
PROZ,13739
PRPF3,31755
PRPF31,16310
PRPF4B,43717
PRPS1,23566
PRPS2,32868
PRRX1,76694
PRSS2,14167
PRSS23,161852
PRSS3,48553
PRSS36,11158
PSAT1,32969
PSEN1,87274
PSEN2,57543
PSENEN,1920
PSIP1,46930
PSMA1,138762
PSMA2,15358
PSMA3,27170
PSMA4,12013
PSMA6,38861
PSMA7,6708
PSMB10,2359
PSMB2,41986
PSMB3,11485
PSMB5,18688
PSMB8,3963
PSMB9,15716
PSMC2,41777
PSMC3,7705
PSMC3IP,5522
PSMC4,10600
PSMC6,21413
PSMD1,116272
PSMD12,28690
PSMD13,16019
PSMD14,103293
PSMD3,17153
PSMD7,9475
PSMD8,9288
PSMD9,29566
PSME1,2805
PSME2,4209
PSME3,19376
PSMG1,8720
PSPH,40554
PTAFR,46771
PTBP2,102074
PTCD2,48029
PTCD3,35935
PTCH1,74078
PTEN,109293
PTGDS,6651
PTGER2,14294
PTGER3,195464
PTGER4,13821
PTGES,14712
PTGES3,25068
PTGFR,236818
PTGIR,4622
PTGIS,64264
PTGR1,50172
PTGS2,9132
PTH1R,26079
PTHLH,14650
PTK2,344317
PTK2B,147910
PTP4A3,40460
PTPA,37997
PTPN1,74921
PTPN11,91568
PTPN14,203750
PTPN2,144166
PTPN21,89230
PTPN6,14849
PTPRC,119020
PTPRD,2298757
PTPRE,178753
PTPRG,736041
PTPRJ,190415
PTPRM,840080
PTPRR,282666
PTRH2,32991
PTS,43589
PTTG1,6885
PTTG3P,606
PTX3,6784
PURA,17843
PUS1,16697
PVALB,18796
PVR,22365
PVT1,392576
PWP1,27364
PXMP2,17399
PXN,55333
PYCR1,10029
PYGB,49928
PYGL,86593
PYGM,13586
QDPR,51946
QSOX1,49162
RAB14,44882
RAB17,27293
RAB1A,59636
RAB22A,57793
RAB27A,116148
RAB2A,106709
RAB31,154277
RAB34,4149
RAB3GAP1,124379
RAB40C,39916
RAB4A,34833
RAB5A,38079
RAB9A,21377
RABEP1,104076
RABEPK,33620
RABGAP1,164034
RABGAP1L,835899
RABIF,10868
RAC1,29441
RAC2,34325
RACGAP1,56214
RACK1,11200
RAD1,13730
RAD17,45509
RAD21,28843
RAD23A,7788
RAD23B,49056
RAD50,90331
RAD51,37567
RAD51AP1,21250
RAD51C,43039
RAD52,78318
RAD54L,32020
RAD9A,80540
RAE1,27989
RAF1,82101
RALA,84556
RALB,54647
RALBP1,63106
RALGDS,51615
RAN,5642
RANBP1,11418
RANBP10,83491
RANBP9,90338
RAP1GAP,73137
RAP1GDS1,182475
RAP2B,8402
RAPGEF3,36678
RAPGEF5,238919
RAPGEF6,211311
RAPGEFL1,18647
RARA,48464
RARS1,32851
RASA1,124049
RASA2,128318
RASAL2,390044
RASGRP1,77473
RB1,295693
RBBP7,31080
RBBP8,228228
RBCK1,24642
RBL1,99649
RBM14,13309
RBM38,17938
RBM4,29708
RBM5,30103
RBP1,22396
RBP4,10058
RBPJ,271677
RBPMS,187746
RBSN,29091
RBX1,21963
RCAN1,101972
RCE1,3718
RCHY1,35732
RCL1,92974
RDH11,18994
RDH16,7944
REEP1,124091
REEP5,45905
REEP6,6762
REG1A,3048
REL,50122
RELA,9492
RELB,36732
RELN,518278
RER1,13668
RET,53288
RETN,1407
RETREG1,144064
RETSAT,12577
REV3L,184688
RFC1,78920
RFC2,22960
RFC3,148490
RFC4,17179
RFC5,19543
RGN,14960
RGS1,4262
RGS11,7680
RGS16,5767
RGS4,8028
RHAG,31665
RHBDF2,30900
RHCE,67944
RHCG,25192
RHD,58053
RHOA,53860
RHOB,2367
RHOBTB3,110862
RHOD,15171
RHOF,25650
RHOG,13982
RHOH,55957
RHOT1,110921
RHOT2,6075
RIBC2,18817
RICTOR,136483
RIGI,71047
RIOK3,33317
RIPK1,51364
RIPK2,33259
RIT1,13597
RMDN3,19968
RNASEH2A,7057
RNASEL,15623
RND3,70817
RNF11,37175
RNF123,31992
RNF144B,81521
RNF19A,79159
RNF19B,28365
RNF213,137943
RNF31,13978
RNF4,53638
RNH1,12789
RNMT,37897
RNPS1,15282
ROCK1,167202
RORA,741019
ROS1,138590
RPA1,70381
RPA2,23223
RPA3,82090
RPE,19696
RPL14,11296
RPL18,3857
RPL22,24370
RPL34,9844
RPL36,16929
RPL39,5127
RPL39L,59961
RPL3L,13633
RPL6,13650
RPL9,6345
RPLP0,4537
RPN1,61107
RPS10,8616
RPS12,2996
RPS14,7105
RPS19,12671
RPS2,2784
RPS27L,32150
RPS3,22766
RPS3A,5019
RPS5,8407
RPS6,4522
RPS6KA1,45270
RPS6KA2,497088
RPS6KA3,117609
RPS6KA5,212781
RPS9,48195
RPTOR,421553
RRAD,3851
RRAGD,47658
RRAS,4852
RREB1,144384
RRM1,44226
RRM2,91028
RRM2B,34460
RRP12,69719
RRP8,8545
RRP9,8476
RSAD2,32683
RSL1D1,17731
RSU1,226853
RTN1,274801
RTN3,78446
RTN4RL1,90658
RTP4,3692
RUNX1,1216867
RUVBL2,22409
RXRA,123488
RXRB,7078
RXRG,44434
RYR1,161583
RYR2,791805
S100A1,4114
S100A10,10945
S100A11,15402
S100A12,1911
S100A13,12574
S100A4,6524
S100A9,3170
SAC3D1,3928
SAMD9,18511
SAMD9L,18330
SAMHD1,61665
SAMM50,55090
SAP30,7564
SAR1B,48123
SASS6,49393
SAT1,3038
SATB1,100245
SBNO2,66632
SC5D,20730
SCAF4,61119
SCAF8,100867
SCAMP1,120129
SCAMP3,6455
SCARB1,105813
SCARF1,11887
SCD,17594
SCG2,5422
SCG3,39535
SCG5,55423
SCGB1A1,18093
SCGN,49583
SCHIP1,624386
SCN10A,119485
SCN1B,9980
SCN8A,222599
SCN9A,180817
SCNN1A,30888
SCP2,124423
SCRN1,70186
SCUBE1,146093
SCUBE2,118639
SDAD1,50013
SDC1,24637
SDC2,117978
SDC3,39293
SDC4,23137
SDCBP,29936
SDCCAG8,244058
SDF2L1,1998
SDHA,38780
SDHB,35488
SDHC,48826
SDHD,33193
SEC11A,46923
SEC14L1,128353
SEC14L2,28363
SEC22B,25623
SEC24D,115861
SEC31A,82658
SEC61A1,20065
SECTM1,13051
SELE,42066
SELENBP1,8404
SELENOP,87513
SELENOS,6684
SELENOW,6010
SELL,21038
SELP,41345
SEMA3B,9989
SEMA3C,179822
SEMA4D,137344
SEPTIN4,24119
SEPTIN9,220028
SERBP1,22606
SERINC1,28457
SERP1,61231
SERPINA1,13947
SERPINA10,12809
SERPINA3,11672
SERPINA5,31677
SERPINA6,19142
SERPINB2,32197
SERPINB5,28128
SERPINB6,24007
SERPINB8,49751
SERPINC1,13528
SERPINE1,12144
SERPINE2,64274
SERPING1,21785
SERPINH1,10728
SERTAD1,4404
SERTAD3,3492
SESN1,110538
SET,12977
SF3A1,24932
SF3A3,33101
SF3B3,53880
SFMBT1,143179
SFN,1308
SFPQ,17069
SFRP1,47512
SFRP4,119764
SGCA,11715
SGCB,17594
SGCD,897445
SGCE,132369
SGCG,144184
SGK1,148865
SGMS1,319578
SGMS2,90485
SH2B1,27613
SH2B2,36621
SH2B3,45701
SH3BGR,69652
SH3BGRL2,72327
SH3BP5,87016
SH3GL2,218059
SHC1,12098
SHE,32641
SHH,12484
SHMT1,35678
SHMT2,5363
SHOX2,10516
SHROOM1,8519
SHROOM2,163015
SIAH1,92039
SIAH2,22353
SIDT1,97021
SIDT2,18710
SIGMAR1,3123
SIK1,12649
SIPA1L1,420781
SIRPA,46426
SIRT1,33735
SIRT2,21308
SIRT6,8458
SIT1,1637
SKAP2,328172
SKI,82826
SKIC3,93296
SKIL,39494
SKP1,28030
SKP2,44861
SLA,66185
SLAMF1,38939
SLAMF7,15765
SLBP,19614
SLC10A3,3385
SLC11A2,49166
SLC12A2,105912
SLC12A3,50644
SLC12A4,26128
SLC16A1,45747
SLC16A3,43196
SLC16A6,24242
SLC16A7,193827
SLC19A1,79794
SLC19A2,22036
SLC1A1,97002
SLC1A2,168859
SLC1A4,35389
SLC1A5,13712
SLC20A1,17887
SLC22A1,36904
SLC22A12,11713
SLC22A18,25526
SLC22A4,49797
SLC22A5,25904
SLC23A1,17358
SLC23A2,157938
SLC24A3,510285
SLC25A1,3159
SLC25A10,8781
SLC25A11,2924
SLC25A12,216455
SLC25A13,201928
SLC25A17,49770
SLC25A19,16530
SLC25A20,41979
SLC25A23,29125
SLC25A28,12275
SLC25A3,12789
SLC25A37,46508
SLC25A38,13982
SLC25A4,7117
SLC25A5,2975
SLC25A6,5962
SLC26A2,32698
SLC27A1,37400
SLC27A2,54190
SLC27A5,32902
SLC28A2,25613
SLC29A1,14590
SLC29A2,9694
SLC29A3,62165
SLC2A1,33541
SLC2A2,30397
SLC2A3,99778
SLC2A4,6540
SLC2A5,53373
SLC2A6,8034
SLC2A8,11287
SLC30A1,7594
SLC30A10,273592
SLC30A3,22134
SLC30A5,37079
SLC31A1,42949
SLC31A2,13165
SLC34A3,5799
SLC35A3,66284
SLC35B1,8081
SLC35B2,3795
SLC35D1,54799
SLC37A1,85433
SLC37A4,7156
SLC38A1,86955
SLC38A2,14586
SLC38A3,16241
SLC39A6,20855
SLC39A8,180179
SLC3A2,32877
SLC46A3,18907
SLC4A1,19752
SLC4A4,509421
SLC5A5,23230
SLC5A6,13372
SLC66A2,49238
SLC66A3,23673
SLC6A12,24494
SLC6A14,24853
SLC6A3,52647
SLC6A6,86774
SLC6A8,8663
SLC6A9,39968
SLC7A1,86275
SLC7A11,78253
SLC7A2,73486
SLC7A5,39485
SLCO1A2,154995
SLCO2A1,119484
SLIT1,187922
SLIT2,368657
SLIT3,639400
SLN,12316
SLPI,2326
SMAD1,77983
SMAD2,122190
SMAD3,131411
SMAD5,55903
SMAD6,80614
SMAD7,31113
SMARCC1,196838
SMC1A,48580
SMC2,47160
SMC3,38365
SMC4,35681
SMC6,136431
SMOX,66768
SMPDL3A,20672
SMPX,52139
SMS,54129
SMTN,40653
SMURF1,116669
SMURF2,120026
SNAI2,4143
SNAP23,54124
SNAP25,135864
SNAP91,156812
SNAPC4,24610
SNAPC5,7646
SNCA,137971
SNCB,10475
SNCG,4660
SNN,10698
SNRPA,14753
SNRPA1,13773
SNRPB,9220
SNRPB2,12604
SNRPD1,21211
SNRPD2,5110
SNRPD3,26095
SNRPG,12379
SNTB1,277529
SNX10,82522
SNX14,89381
SNX2,59465
SNX24,185916
SNX9,244691
SOAT2,21050
SOCS1,1788
SOCS2,13674
SOCS3,3300
SOCS5,81294
SOD1,9266
SOD2,93461
SOD3,10931
SORBS1,249644
SORBS2,371209
SORBS3,30803
SORD,54039
SOS1,162140
SOWAHC,4627
SOX10,16737
SOX3,2085
SOX9,5397
SP1,36271
SP110,60544
SPAG4,5266
SPAG5,21461
SPARC,25880
SPARCL1,57727
SPATA6,176836
SPC24,24288
SPC25,79240
SPCS1,6194
SPCS3,12280
SPDEF,18532
SPEG,58787
SPHK1,11277
SPHK2,11427
SPI1,54510
SPINT2,48581
SPOCK1,623082
SPOCK2,29999
SPON1,305411
SPOP,79280
SPP1,7866
SPPL2A,63683
SPR,4777
SPRED2,121787
SPRR3,2110
SPRY2,5151
SPRY4,16029
SPSB1,76639
SPTA1,76012
SPTAN1,81105
SPTB,133625
SPTBN1,215120
SPTBN2,62175
SQLE,23787
SQOR,60134
SQSTM1,31681
SRC,61366
SRD5A1,43250
SRD5A3,26888
SREBF2,74202
SRF,10238
SRGN,16703
SRI,21879
SRM,5437
SRP14,3492
SRP19,37184
SRP9,12656
SRPK1,88377
SRPRA,6207
SRPRB,41750
SRPX,71589
SRSF1,6428
SRSF10,16581
SRSF2,3219
SRSF3,11248
SRSF6,8154
SRSF7,7896
SRXN1,6586
SS18,74965
SSB,20132
SSBP1,49589
SSH2,304339
SSPN,177300
SSR1,79141
SSR3,15597
SSRP1,9907
SST,1483
SSTR4,3926
ST14,50581
ST3GAL4,84705
ST3GAL5,68080
ST3GAL6,88966
ST6GAL1,148229
ST6GALNAC2,21580
ST8SIA4,96350
STAB1,29158
STAG1,416168
STAG3,36825
STAM,72674
STAM2,58963
STARD3,27112
STARD4,16558
STARD7,23969
STAT1,112501
STAT2,18607
STAT3,75245
STAT4,148860
STAT5A,24397
STAU1,75029
STBD1,4398
STC1,12878
STC2,13725
STEAP3,41822
STEAP4,36003
STIL,64754
STIP1,19272
STK25,17061
STK38L,81992
STK39,293576
STMN1,22811
STOM,31318
STRBP,159087
STRN,128839
STS,657122
STX12,51225
STX16,28255
STX3,92427
STX4,10087
STX5,25192
STX7,67332
STXBP1,116658
SUCLA2,292233
SUCLG1,36518
SUCLG2,294153
SULF2,130420
SULT1A1,4849
SULT1B1,66795
SULT2B1,47254
SUN2,60854
SUPT4H1,7919
SUPT5H,40515
SUPV3L1,28866
SURF1,4919
SUV39H1,13463
SVIL,279622
SWAP70,88917
SYBU,117814
SYCP1,140508
SYK,96763
SYMPK,47816
SYNCRIP,36285
SYNE1,516115
SYNGR1,35651
SYNGR2,4947
SYNJ1,99282
SYNJ2,117314
SYNPO,58128
SYT11,25633
SYT12,44086
SYT13,46040
SYTL2,116936
TACC3,32314
TACR1,153058
TACR3,133955
TAF10,6246
TAF12,60463
TAF13,13517
TAF1C,9224
TAF6,12966
TAF9,7988
TAGLN,8095
TAL1,15936
TALDO1,17598
TANK,99323
TAOK2,18394
TAP1,8608
TAP2,16907
TAPBP,14591
TARBP2,5511
TARDBP,18185
TARP,13994
TARS1,27396
TAS2R4,5018
TAT,11433
TATDN2,33196
TAX1BP3,5785
TBC1D30,121550
TBCD,193873
TBK1,50025
TBRG4,11948
TCAP,1206
TCEA1,55897
TCF19,8829
TCF7,37185
TCF7L1,176996
TCF7L2,217432
TCHH,9128
TCIRG1,11871
TCL1A,4250
TCN2,20269
TCOF1,42680
TCP1,11206
TCP11,30540
TDO2,65669
TDRD7,84030
TEAD4,81347
TEKT2,4182
TENM2,1285129
TENT4A,43613
TENT5A,261336
TENT5C,22342
TES,48278
TEX15,81465
TF,50602
TFAP2B,28897
TFAP2C,9978
TFB2M,25701
TFCP2L1,68616
TFDP1,56753
TFDP2,205117
TFF1,4254
TFF2,4641
TFF3,3743
TFPI,101531
TFPI2,5358
TFRC,69643
TG,267946
TGFA,106910
TGFB1,52336
TGFB2,99284
TGFB3,24915
TGFBI,34831
TGFBR1,50155
TGFBR2,87772
TGFBR3,225993
TGFBRAP1,65345
TGIF1,48371
TGIF2,20463
TGM1,15319
TGM2,39194
TH,7887
THBD,4040
THBS1,18388
THBS2,38271
THBS3,13464
THEM4,38772
THNSL2,16342
THRB,378604
THSD4,686432
THY1,9510
TIAL1,25228
TIAM1,441562
TIMELESS,33064
TIMM10,2340
TIMM13,1962
TIMM17A,15162
TIMM50,13374
TIMM8B,1999
TIMM9,19037
TIMP1,4382
TIMP2,72411
TIMP3,61337
TIPARP,33536
TIPIN,50556
TJP1,269549
TJP3,42452
TK1,13143
TK2,44542
TKFC,20076
TKT,31341
TKTL1,34556
TLE1,105865
TLE3,50387
TLE4,155110
TLK1,240492
TLR1,66141
TLR2,22211
TLR3,19163
TLR6,33921
TLR7,23290
TLR8,16550
TLX1,6490
TM4SF1,8671
TM7SF2,4540
TM7SF3,42856
TMBIM6,57210
TMCC2,57687
TMED10,45144
TMED2,14050
TMEM100,12495
TMEM140,18144
TMEM158,1822
TMEM164,180104
TMEM176A,4716
TMEM176B,10076
TMEM45A,84826
TMEM50A,24045
TMEM8B,51068
TMEM97,9486
TMEM9B,17810
TMPO,34773
TMPRSS2,66817
TMPRSS3,24205
TMPRSS6,44278
TMX1,17494
TNC,98633
TNF,2772
TNFAIP2,15964
TNFAIP3,16101
TNFAIP6,22455
TNFAIP8,130997
TNFRSF11B,28329
TNFRSF12A,3939
TNFRSF18,3085
TNFRSF1A,13358
TNFRSF1B,42238
TNFRSF21,78374
TNFRSF4,2828
TNFRSF8,80905
TNFRSF9,27295
TNFSF10,17968
TNFSF11,45278
TNFSF15,21388
TNFSF9,4899
TNIP1,63633
TNIP2,14695
TNNC1,2942
TNNC2,10532
TNNI1,26083
TNNI2,2700
TNNI3,6007
TNNT1,16509
TNNT2,18757
TNNT3,19004
TNP1,607
TNP2,1786
TNPO2,24811
TNRC6B,290992
TNS1,234395
TOB1,5756
TOGARAM1,112242
TOM1L1,62570
TOMM22,3465
TOMM40,13121
TOMM70,37659
TOP1,95666
TOP2A,29372
TOPBP1,64206
TOR1AIP2,37837
TOR1B,8125
TP53,25768
TP53INP1,23407
TP53INP2,9101
TP63,265888
TPBG,4215
TPD52,196488
TPD52L1,145359
TPH1,28715
TPI1,3830
TPM1,29296
TPM2,8065
TPM3,39341
TPM4,35982
TPRKB,8297
TPSAB1,3289
TPST1,215227
TPST2,74722
TPX2,62535
TRA2B,23546
TRAF1,26781
TRAF2,44696
TRAF4,6946
TRAFD1,28067
TRAIP,27974
TRAK2,74294
TRAT1,32236
TRIAP1,2421
TRIB1,8046
TRIB2,25825
TRIB3,34725
TRIM10,9269
TRIM14,49948
TRIM21,8806
TRIM25,77694
TRIM26,28973
TRIM28,6659
TRIM29,74244
TRIM33,118414
TRIM5,275425
TRIM58,22952
TRIO,388787
TRIP10,13606
TRIP13,26474
TRO,10970
TROAP,8496
TSC1,55527
TSC2,41525
TSC22D1,145005
TSG101,58616
TSHB,4477
TSKU,15903
TSN,30751
TSPAN1,10890
TSPAN13,30782
TSPAN4,24305
TSPAN5,188245
TSPAN7,127379
TSPAN8,316814
TSPO,11696
TSPO2,1871
TSPYL2,6174
TSSK2,1315
TST,9325
TTC39A,57859
TTC39B,143739
TTK,38641
TTPA,37501
TTR,41825
TUBA3C,8053
TUBA4A,28193
TUBB,8104
TUBB2A,4048
TUBB2B,8407
TUBD1,33467
TUBG1,5598
TUBGCP2,40189
TUBGCP3,103195
TUBGCP5,56381
TUBGCP6,27335
TUFM,3938
TULP2,17780
TWSG1,67654
TXN,12698
TXNIP,4145
TXNL4A,63137
TXNRD1,134529
TXNRD2,66304
TYK2,30076
TYMS,15926
TYR,117885
TYRO3,25915
U2AF1,14615
UAP1,39519
UBA2,42900
UBA7,8745
UBAC1,28405
UBC,5765
UBE2C,4382
UBE2D1,35773
UBE2D3,74514
UBE2E1,85686
UBE2I,35575
UBE2J1,26098
UBE2L3,74588
UBE2L6,16629
UBE2N,36275
UBE2S,8044
UBE2T,10441
UBQLN1,47991
UBR7,21975
UCHL5,47831
UCK1,7464
UCK2,84005
UCP2,8172
UFM1,13771
UGCG,38556
UGDH,29557
UGP2,50611
UGT2B17,39241
UMPS,18841
UNC119,5924
UNC13B,243347
UNC5C,386703
UNG,29129
UPB1,34284
UPF1,36272
UPF3B,18977
UPK3B,5998
UPP1,20109
UQCR10,3045
UQCR11,8305
UQCRB,12600
UQCRC1,11975
UQCRC2,30373
UQCRFS1,7832
UQCRH,13079
UQCRQ,2218
UROD,4626
UROS,38309
USH1C,50522
USO1,89710
USP1,15508
USP11,15463
USP12,105656
USP14,56247
USP15,157094
USP16,29860
USP18,27555
USP8,90042
UTP20,106514
UXT,7385
VAMP3,10137
VAMP4,41915
VAMP5,8976
VAMP7,62425
VAMP8,20470
VAPA,46006
VASP,20411
VAV2,230711
VAV3,394020
VBP1,42835
VCAM1,19304
VCAN,110686
VCL,126171
VCPIP1,38745
VDAC1,33105
VDAC2,21295
VDAC3,14314
VDR,101512
VEGFA,16304
VEGFB,4681
VEGFC,109385
VEZF1,16713
VHL,11890
VIM,9353
VIP,8969
VIPR1,48275
VLDLR,38875
VNN1,33207
VPREB1,736
VPS28,4963
VPS37B,30798
VPS37D,4282
VPS45,78051
VPS4B,33294
VPS50,128784
VTN,5808
VWA5A,32318
VWF,175894
WARS1,43016
WAS,14836
WASF1,80186
WASF2,85938
WASL,67061
WDR1,48884
WDR33,110161
WDR37,111454
WDR43,53553
WDR74,9468
WDR90,18523
WEE1,19788
WFS1,33417
WIPF1,123345
WIPI1,36566
WIZ,29979
WLS,134648
WNK4,16457
WNT1,4299
WNT16,15738
WNT2,47702
WNT5A,24825
WNT5B,117322
WNT6,14429
WNT7A,63814
WRAP73,21995
WRN,142351
WSB1,21851
WWC1,180659
WWP1,135874
WWTR1,219480
XAF1,20201
XBP1,6043
XCL1,5465
XDH,80422
XIAP,54261
XIST,32075
XK,46340
XPC,33475
XPNPEP1,58788
XPO1,62710
XPO7,86924
XPOT,46734
XRCC3,17896
XRCC5,98840
XRCC6,42886
XYLT2,17013
YBX2,6377
YIF1A,4613
YIPF6,38721
YKT6,13336
YPEL1,38259
YPEL5,13593
YRDC,5264
YTHDC1,39704
YWHAB,22831
YWHAE,55948
YWHAG,32193
YWHAH,13082
YWHAQ,47031
YWHAZ,36866
ZAP70,26287
ZBP1,16731
ZBTB10,40647
ZBTB16,197725
ZBTB17,34264
ZC2HC1C,55394
ZC3H12A,9798
ZC3H14,64627
ZEB1,211320
ZFP36,2561
ZFP36L1,8594
ZFPM2,1213807
ZMAT3,112095
ZMIZ1,247554
ZNF112,40663
ZNF185,75415
ZNF277,137240
ZNF292,114141
ZNF365,106097
ZNF639,15553
ZNF707,29447
ZNFX1,40481
ZNRF4,1440
ZPBP,270909
ZW10,40549
ZWINT,4047
ZYX,9817
